Repeat,Generation,X1,X2,X3,X4,X5,X6,X7,X8,X9,X10,F(x)
0,0,10,0,3,-3,-4,2,-1,6,0,-3,-834,
0,10,-2,0,3,-5,0,-1,5,-3,1,0,-74.3125,
0,20,2,0,3,-4,-4,1,-2,3,1,0,-60,
0,30,0,-4,2,-3,-1,3,-2,3,-2,1,-57.3125,
0,40,0,-4,-2,-3,-1,2,-2,3,0,1,-48.3125,
0,50,0,-2,1,-2,-1,-1,-2,3,-1,2,-29.3125,
Repeat,Generation,X1,X2,X3,X4,X5,X6,X7,X8,X9,X10,F(x)
1,0,-2,2,1,-1,0,6,-4,-1,-4,3,-133.3125,
1,10,2,2,1,-1,-5,5,-3,1,-3,3,-88,
1,20,1,-1,-3,3,-1,4,0,2,-4,0,-57.3125,
1,30,1,-1,-2,3,-1,3,0,2,-3,-1,-46.3125,
1,40,1,0,2,3,-1,3,0,-1,-3,0,-41.3125,
1,50,2,0,1,-3,0,3,0,2,-2,-1,-32.3125,
Repeat,Generation,X1,X2,X3,X4,X5,X6,X7,X8,X9,X10,F(x)
2,0,9,1,9,5,0,-3,3,0,-2,-5,-397.3125,
2,10,3,-2,-3,-1,0,0,3,-3,-2,3,-99.3125,
2,20,3,-2,-3,-1,0,0,3,-3,-2,3,-99.3125,
2,30,-5,0,-3,-3,-2,0,3,-3,1,3,-75,
2,40,0,1,-5,2,-4,2,1,-3,0,3,-69,
2,50,0,1,-5,2,-4,2,1,-3,0,3,-69,
Repeat,Generation,X1,X2,X3,X4,X5,X6,X7,X8,X9,X10,F(x)
3,0,-4,-4,5,-4,0,0,-3,-5,1,6,-189.3125,
3,10,4,3,0,-1,-3,4,-5,0,-1,3,-86.3125,
3,20,0,-5,2,2,-3,3,-2,2,-1,0,-60,
3,30,4,0,1,1,5,-3,-1,0,-1,0,-56,
3,40,-1,-1,-1,2,1,-2,-3,2,-1,2,-30.3125,
3,50,-1,-1,-1,2,1,-2,-3,2,-1,2,-30.3125,
Repeat,Generation,X1,X2,X3,X4,X5,X6,X7,X8,X9,X10,F(x)
4,0,9,4,9,8,8,-5,4,-5,-2,-4,-4552,
4,10,0,1,1,-2,-2,-5,3,-5,0,6,-107,
4,20,7,1,1,-5,-2,2,3,-3,0,1,-103.3125,
4,30,-1,-1,-3,-4,3,4,4,2,-4,-2,-92.3125,
4,40,3,1,1,-1,4,-4,-3,2,-1,1,-79,
4,50,-1,1,-1,0,-4,2,0,0,-1,2,-28.3125,
Repeat,Generation,X1,X2,X3,X4,X5,X6,X7,X8,X9,X10,F(x)
5,0,-2,-2,5,1,-4,1,0,-3,1,2,-85,
5,10,-2,-2,5,1,-4,1,0,-3,1,2,-85,
5,20,0,-3,3,1,-2,1,0,-3,0,2,-37.3125,
5,30,2,-3,-1,-1,-2,1,2,-2,2,0,-32.3125,
5,40,2,-3,-1,-1,-2,1,2,-2,2,0,-32.3125,
5,50,2,-2,-1,-1,-1,1,2,-2,-1,2,-25.3125,
Repeat,Generation,X1,X2,X3,X4,X5,X6,X7,X8,X9,X10,F(x)
6,0,7,-1,-4,-5,6,0,0,-2,-5,6,-194,
6,10,4,6,0,2,1,-1,-2,3,-1,-2,-96,
6,20,3,3,0,2,2,1,-4,4,-1,-3,-71,
6,30,3,3,0,2,2,1,-4,4,-1,-3,-71,
6,40,3,3,0,2,2,1,-4,4,-1,-3,-71,
6,50,3,3,0,2,2,1,-4,4,-1,-3,-71,
Repeat,Generation,X1,X2,X3,X4,X5,X6,X7,X8,X9,X10,F(x)
7,0,7,1,0,0,5,-3,4,-3,4,-5,-240,
7,10,-1,0,6,-1,1,5,-4,-1,3,-4,-106.3125,
7,20,-3,3,-1,-2,1,6,-2,-1,0,-1,-66.3125,
7,30,-3,3,-1,-2,1,6,-2,-1,0,-1,-66.3125,
7,40,-3,3,0,1,-1,4,-2,1,-1,-1,-43.3125,
7,50,-1,3,0,-2,-1,4,-2,1,0,-1,-37,
Repeat,Generation,X1,X2,X3,X4,X5,X6,X7,X8,X9,X10,F(x)
8,0,8,0,6,1,10,6,-3,-2,-5,-3,-304,
8,10,-2,-1,4,-3,-5,-4,2,0,0,4,-91.3125,
8,20,5,3,1,0,-5,-3,0,0,0,3,-78.3125,
8,30,4,-3,1,-1,4,-2,1,0,0,-1,-51,
8,40,-2,1,1,0,-1,-2,-2,-1,3,1,-26.3125,
8,50,-2,1,1,0,-1,-2,-2,-1,3,1,-26.3125,
Repeat,Generation,X1,X2,X3,X4,X5,X6,X7,X8,X9,X10,F(x)
9,0,4,-4,5,2,-5,2,0,4,-3,-1,-116.3125,
9,10,-2,0,7,1,-3,-2,2,3,-4,0,-98,
9,20,-4,4,1,2,-1,-2,-2,4,-1,-1,-71.3125,
9,30,-2,-2,-1,2,3,2,-2,3,-5,1,-65.3125,
9,40,-4,2,3,1,-1,0,-3,3,0,-1,-50.3125,
9,50,-4,2,3,1,-1,0,-3,3,0,-1,-50.3125,
Repeat,Generation,X1,X2,X3,X4,X5,X6,X7,X8,X9,X10,F(x)
10,0,-4,1,3,4,-4,2,-5,0,-1,3,-97.3125,
10,10,-4,1,3,4,-4,2,-5,0,-1,3,-97.3125,
10,20,-4,1,3,4,-4,2,-5,0,-1,3,-97.3125,
10,30,-2,4,-1,-2,-1,4,-2,3,1,-3,-72.3125,
10,40,-2,1,0,6,0,2,0,-3,1,-2,-59.3125,
10,50,-2,1,0,6,0,2,0,-3,1,-2,-59.3125,
Repeat,Generation,X1,X2,X3,X4,X5,X6,X7,X8,X9,X10,F(x)
11,0,7,0,3,3,1,-4,3,8,-5,-4,-628.3125,
11,10,4,1,8,0,0,4,-5,-2,-1,1,-148,
11,20,-2,-3,6,0,-4,4,1,1,-3,0,-94,
11,30,3,-3,-1,1,-3,4,-4,2,1,0,-86,
11,40,1,2,4,-1,-1,3,2,1,-5,0,-69.3125,
11,50,-2,1,3,-3,-3,4,-3,1,1,0,-61,
Repeat,Generation,X1,X2,X3,X4,X5,X6,X7,X8,X9,X10,F(x)
12,0,-3,3,1,6,5,-3,-3,4,-5,-1,-302.3125,
12,10,-3,3,1,-1,2,-4,-4,3,2,0,-71,
12,20,-3,3,1,-1,2,-4,-4,3,2,0,-71,
12,30,-3,4,1,1,0,-3,-4,3,1,0,-62.3125,
12,40,-1,-3,1,-1,2,-2,4,-1,0,-1,-38,
12,50,-1,-3,1,-1,2,-2,4,-1,0,-1,-38,
Repeat,Generation,X1,X2,X3,X4,X5,X6,X7,X8,X9,X10,F(x)
13,0,4,2,-3,-2,2,-3,5,2,-3,0,-246.3125,
13,10,5,-1,2,2,2,2,4,-3,-5,0,-94,
13,20,3,-1,2,-1,2,2,-1,-3,3,-2,-46.3125,
13,30,3,-1,2,-1,2,2,-1,-3,3,-2,-46.3125,
13,40,-1,0,-2,-1,1,0,-3,-1,4,0,-33.3125,
13,50,-1,0,-2,-1,1,0,-3,-1,4,0,-33.3125,
Repeat,Generation,X1,X2,X3,X4,X5,X6,X7,X8,X9,X10,F(x)
14,0,-1,10,9,7,-3,-5,-1,1,-4,1,-304,
14,10,-1,0,0,-5,-1,-1,0,2,2,0,-38,
14,20,-1,0,0,-5,-1,-1,0,2,2,0,-38,
14,30,2,-4,0,-1,2,-1,2,-1,1,-1,-33.3125,
14,40,-1,-2,-1,-1,-1,-1,1,0,1,1,-19.3125,
14,50,-1,0,0,-1,-1,-1,1,-1,1,1,-10,
Repeat,Generation,X1,X2,X3,X4,X5,X6,X7,X8,X9,X10,F(x)
15,0,2,3,8,0,1,-4,2,1,-5,0,-774,
15,10,-3,1,1,-5,4,4,-2,-2,4,-3,-103,
15,20,5,1,0,2,4,-1,1,-2,-4,2,-92,
15,30,5,2,0,1,2,4,1,-3,2,-5,-91,
15,40,5,2,0,1,0,0,3,-2,0,-2,-49,
15,50,5,2,0,1,0,0,3,-2,0,-2,-49,
Repeat,Generation,X1,X2,X3,X4,X5,X6,X7,X8,X9,X10,F(x)
16,0,-1,0,0,2,-4,-2,6,2,2,-5,-94.3125,
16,10,4,2,-1,1,0,0,2,-3,-1,1,-37,
16,20,3,2,-1,1,0,-1,2,-3,0,1,-32,
16,30,3,2,-1,1,0,-1,2,-3,0,1,-32,
16,40,3,2,-1,1,0,-1,2,-3,0,1,-32,
16,50,3,2,-1,1,0,-1,2,-3,0,1,-32,
Repeat,Generation,X1,X2,X3,X4,X5,X6,X7,X8,X9,X10,F(x)
17,0,1,1,2,5,-1,-4,-1,8,-4,-2,-133.3125,
17,10,-1,1,-1,-2,2,2,-1,-3,4,-2,-52.3125,
17,20,-1,1,-1,-2,2,2,-1,-3,4,-2,-52.3125,
17,30,-1,1,-1,-2,2,2,-1,-3,4,-2,-52.3125,
17,40,-3,1,2,-2,1,-2,2,2,0,-2,-35,
17,50,-3,1,2,-2,1,-2,2,2,0,-2,-35,
Repeat,Generation,X1,X2,X3,X4,X5,X6,X7,X8,X9,X10,F(x)
18,0,7,8,2,-4,10,-4,10,-4,-3,-5,-399,
18,10,5,2,4,4,-3,3,-2,-4,-1,1,-146.3125,
18,20,-1,-4,-4,-3,-1,3,-1,-4,3,3,-89,
18,30,3,-4,4,-2,-1,3,0,-4,-1,3,-81.3125,
18,40,3,-4,4,-2,-1,3,0,-4,-1,3,-81.3125,
18,50,3,-4,4,-2,-1,3,0,-4,-1,3,-81.3125,
Repeat,Generation,X1,X2,X3,X4,X5,X6,X7,X8,X9,X10,F(x)
19,0,9,3,-3,8,4,4,-2,-1,-1,-5,-226.3125,
19,10,5,3,0,5,-2,0,1,-5,0,1,-92,
19,20,5,3,0,2,-2,-3,3,-2,0,0,-84,
19,30,5,3,0,2,-2,-2,3,-2,0,0,-61,
19,40,5,3,0,2,-2,-2,3,-2,0,0,-61,
19,50,5,3,0,2,-2,-2,3,-2,0,0,-61,
Repeat,Generation,X1,X2,X3,X4,X5,X6,X7,X8,X9,X10,F(x)
20,0,-5,-4,-3,-3,3,4,0,-3,5,-2,-212,
20,10,1,7,-2,1,0,2,0,-2,-2,1,-68.3125,
20,20,1,7,-2,1,0,2,0,-2,-2,1,-68.3125,
20,30,-3,-1,2,1,-4,2,4,-2,-2,1,-60.3125,
20,40,1,-1,2,1,2,2,4,-4,-2,-1,-52.3125,
20,50,1,-1,2,1,2,0,4,-2,-2,-1,-43.3125,
Repeat,Generation,X1,X2,X3,X4,X5,X6,X7,X8,X9,X10,F(x)
21,0,7,5,-4,4,8,-2,0,-1,-2,-3,-350.3125,
21,10,0,5,-1,2,-3,-5,-2,-3,2,5,-106,
21,20,3,-2,-5,3,1,-1,3,0,-3,1,-68.3125,
21,30,3,-2,-5,3,1,-1,3,0,-3,1,-68.3125,
21,40,3,-2,-5,3,1,-1,3,0,-3,1,-68.3125,
21,50,2,-2,-5,3,1,-1,3,0,-3,1,-65,
Repeat,Generation,X1,X2,X3,X4,X5,X6,X7,X8,X9,X10,F(x)
22,0,9,7,-5,-2,-2,3,-2,10,-5,-4,-1262.3125,
22,10,1,2,0,-5,0,0,-1,5,-4,2,-78,
22,20,1,-2,1,2,-4,0,2,4,-3,-1,-63.3125,
22,30,2,-2,1,-3,2,-1,0,4,-3,0,-50,
22,40,0,-2,1,-3,-1,-1,0,4,0,-1,-35,
22,50,0,-2,1,-3,-1,-1,0,4,0,-1,-35,
Repeat,Generation,X1,X2,X3,X4,X5,X6,X7,X8,X9,X10,F(x)
23,0,2,-4,3,-4,-1,1,3,0,-1,0,-57,
23,10,2,-4,3,-4,-1,1,3,0,-1,0,-57,
23,20,2,-4,3,-4,-1,1,3,0,-1,0,-57,
23,30,0,-3,-4,0,-1,1,-1,2,1,0,-33.3125,
23,40,0,-3,-4,0,-1,1,-1,2,1,0,-33.3125,
23,50,0,1,-2,0,1,-1,1,0,0,0,-10,
Repeat,Generation,X1,X2,X3,X4,X5,X6,X7,X8,X9,X10,F(x)
24,0,-4,8,-2,-2,-2,3,-3,-1,-1,3,-123,
24,10,2,3,-1,1,-3,4,1,-3,3,-3,-70,
24,20,1,1,-1,2,-3,6,1,-1,-2,-1,-59,
24,30,1,1,-1,2,-3,6,1,-1,-2,-1,-59,
24,40,1,1,-1,2,-3,6,1,-1,-2,-1,-59,
24,50,1,1,0,1,-3,3,1,-1,-2,1,-28.3125,
Repeat,Generation,X1,X2,X3,X4,X5,X6,X7,X8,X9,X10,F(x)
25,0,0,0,1,2,0,3,-4,1,-2,1,-36.3125,
25,10,0,0,1,2,0,3,-4,1,-2,1,-36.3125,
25,20,0,0,1,2,0,3,-4,1,-2,1,-36.3125,
25,30,0,0,1,2,0,3,-4,1,-2,1,-36.3125,
25,40,0,0,1,2,0,3,-4,1,-2,1,-36.3125,
25,50,0,0,1,2,0,3,-4,1,-2,1,-36.3125,
Repeat,Generation,X1,X2,X3,X4,X5,X6,X7,X8,X9,X10,F(x)
26,0,0,4,-1,-1,5,2,-3,0,-1,0,-329,
26,10,0,4,-5,-1,5,2,-3,0,-1,0,-101,
26,20,4,2,0,-3,3,2,2,2,0,-5,-82.3125,
26,30,0,4,-4,0,3,2,0,0,-1,-1,-67,
26,40,-4,0,0,0,3,2,1,0,-1,-2,-35.3125,
26,50,-4,0,0,0,3,2,1,0,-1,-2,-35.3125,
Repeat,Generation,X1,X2,X3,X4,X5,X6,X7,X8,X9,X10,F(x)
27,0,4,2,5,0,-3,-4,1,6,0,-4,-123.3125,
27,10,-4,-2,3,-1,-4,4,-3,-2,4,0,-91,
27,20,4,1,5,0,1,-1,0,-4,-2,3,-73,
27,30,4,1,5,0,1,-1,0,-4,-2,3,-73,
27,40,3,1,3,0,2,0,-1,4,0,-5,-65.3125,
27,50,4,-1,-3,-1,2,1,0,3,0,-3,-50.3125,
Repeat,Generation,X1,X2,X3,X4,X5,X6,X7,X8,X9,X10,F(x)
28,0,5,0,0,5,-4,-1,-2,8,-1,-4,-152,
28,10,1,-3,-1,2,-5,7,2,-1,1,-3,-106,
28,20,-1,-3,-1,-2,-3,4,1,-1,0,1,-43,
28,30,1,-2,0,-2,-3,3,1,-1,0,1,-30.3125,
28,40,1,-2,0,-2,-3,3,1,-1,0,1,-30.3125,
28,50,1,-2,0,-2,-3,3,1,-1,0,1,-30.3125,
Repeat,Generation,X1,X2,X3,X4,X5,X6,X7,X8,X9,X10,F(x)
29,0,8,0,-3,-2,1,-2,7,-2,4,-5,-183.3125,
29,10,-3,1,4,-1,-3,-2,-5,5,5,-3,-124,
29,20,-3,-4,2,-2,2,0,4,-3,2,-2,-70.3125,
29,30,-3,-4,2,-2,2,0,4,-3,2,-2,-70.3125,
29,40,-1,-5,2,-2,1,0,1,-3,2,1,-57.3125,
29,50,0,-1,2,0,1,0,1,-3,0,1,-19,
Repeat,Generation,X1,X2,X3,X4,X5,X6,X7,X8,X9,X10,F(x)
30,0,10,4,1,3,4,-4,0,1,2,-4,-3399.3125,
30,10,5,5,3,-2,-3,-1,0,-1,-4,5,-115.3125,
30,20,0,-2,1,-2,6,2,-2,-4,0,1,-77.3125,
30,30,0,-2,1,-2,6,2,-2,-4,0,1,-77.3125,
30,40,0,0,3,-2,3,2,2,-2,-4,1,-51,
30,50,0,0,3,-2,3,2,2,-2,-4,1,-51,
Repeat,Generation,X1,X2,X3,X4,X5,X6,X7,X8,X9,X10,F(x)
31,0,-1,0,10,0,7,-4,-4,2,-3,-1,-626.3125,
31,10,1,6,1,4,0,4,-2,-3,0,-2,-89,
31,20,-1,1,-2,-1,0,-2,-5,0,1,5,-69.3125,
31,30,1,-4,-2,-5,1,1,-1,0,1,2,-54,
31,40,1,2,1,0,1,4,-4,1,0,-2,-51.3125,
31,50,1,2,1,-1,1,4,-1,0,-1,-2,-37.3125,
Repeat,Generation,X1,X2,X3,X4,X5,X6,X7,X8,X9,X10,F(x)
32,0,-2,4,5,2,8,3,-4,-3,1,-5,-263,
32,10,0,3,-3,-1,5,0,-2,1,-1,0,-57.3125,
32,20,0,-3,1,-1,-5,0,2,1,2,-1,-48,
32,30,0,-3,1,-1,-5,0,2,1,2,-1,-48,
32,40,0,-3,1,0,-2,-1,0,1,2,-1,-28.3125,
32,50,0,-3,1,0,-2,0,0,1,2,-1,-27.3125,
Repeat,Generation,X1,X2,X3,X4,X5,X6,X7,X8,X9,X10,F(x)
33,0,-4,0,3,6,0,3,-4,4,-3,-2,-135,
33,10,5,-1,3,0,-5,-3,3,-1,-2,4,-119,
33,20,5,0,3,0,7,0,-3,1,-2,-2,-103,
33,30,-3,0,-4,-1,4,-1,-2,0,-2,4,-74.3125,
33,40,1,-1,-2,1,0,-1,-4,2,-2,4,-48.3125,
33,50,1,-1,-2,1,0,-1,-4,2,-2,4,-48.3125,
Repeat,Generation,X1,X2,X3,X4,X5,X6,X7,X8,X9,X10,F(x)
34,0,7,4,1,0,6,-2,0,4,-2,-4,-792,
34,10,-2,0,-2,-3,0,-3,1,7,2,-4,-103.3125,
34,20,-2,-1,-2,-1,0,-3,3,5,0,-3,-62.3125,
34,30,-2,-1,0,-1,0,-1,1,1,0,0,-9.3125,
34,40,-2,-1,0,-1,0,-1,1,1,0,0,-9.3125,
34,50,-2,-1,0,-1,0,-1,1,1,0,0,-9.3125,
Repeat,Generation,X1,X2,X3,X4,X5,X6,X7,X8,X9,X10,F(x)
35,0,-2,-1,-3,-5,0,2,0,-4,5,-1,-6727,
35,10,0,-3,-1,0,0,-1,4,4,-3,-2,-58,
35,20,0,-3,-1,0,0,-1,4,4,-3,-2,-58,
35,30,0,0,-5,2,0,0,-1,4,-2,0,-50,
35,40,0,1,-1,2,2,-1,-1,-4,3,0,-37.3125,
35,50,0,1,-1,2,2,-1,-1,-4,3,0,-37.3125,
Repeat,Generation,X1,X2,X3,X4,X5,X6,X7,X8,X9,X10,F(x)
36,0,-3,1,-5,4,1,2,0,7,-5,-3,-141,
36,10,3,-2,-4,-4,-1,0,-2,2,5,-1,-87.3125,
36,20,-3,-1,0,-1,1,-1,0,-3,0,3,-51,
36,30,-3,-1,0,-1,1,-1,0,-3,0,3,-51,
36,40,-3,-1,0,-1,1,-1,0,-3,0,3,-51,
36,50,-3,-1,0,-1,1,-1,0,-3,0,3,-51,
Repeat,Generation,X1,X2,X3,X4,X5,X6,X7,X8,X9,X10,F(x)
37,0,-2,-2,1,-5,4,7,-1,-5,1,0,-126.3125,
37,10,2,1,4,-1,0,3,-1,-2,-3,2,-49,
37,20,2,1,4,-1,0,3,-1,-2,-3,2,-49,
37,30,2,1,4,-1,0,3,-1,-2,-3,2,-49,
37,40,0,-1,3,0,0,4,-1,-2,-3,2,-44.3125,
37,50,0,-1,3,0,-1,3,-1,-2,-2,2,-33.3125,
Repeat,Generation,X1,X2,X3,X4,X5,X6,X7,X8,X9,X10,F(x)
38,0,2,-3,-1,-3,-5,-4,-5,5,3,4,-159,
38,10,2,-3,1,1,4,2,-2,-1,4,-5,-81.3125,
38,20,1,1,1,1,3,2,-4,2,3,-5,-73,
38,30,1,1,2,-3,4,-2,-1,-3,4,-1,-62,
38,40,1,1,2,-3,4,-2,-1,-3,4,-1,-62,
38,50,1,1,2,-3,4,-2,-1,-3,4,-1,-62,
Repeat,Generation,X1,X2,X3,X4,X5,X6,X7,X8,X9,X10,F(x)
39,0,-1,4,7,-5,-3,4,3,0,1,-5,-158.3125,
39,10,1,4,1,-1,-3,-3,3,2,-5,3,-91.3125,
39,20,1,4,1,-1,-3,-2,3,2,-5,3,-86.3125,
39,30,-2,0,1,-1,1,-4,3,2,-5,3,-70,
39,40,-2,0,1,-1,1,-4,3,2,-5,3,-70,
39,50,-2,0,1,-1,1,-4,3,2,-5,3,-70,
Repeat,Generation,X1,X2,X3,X4,X5,X6,X7,X8,X9,X10,F(x)
40,0,1,3,1,-2,-5,2,-4,10,-5,1,-276,
40,10,-1,3,2,-3,-1,5,-4,-3,2,1,-79,
40,20,-1,3,2,-3,-1,5,-4,-3,2,1,-79,
40,30,-1,2,-4,-3,-1,3,0,-3,2,1,-74,
40,40,-1,2,-2,-2,-1,3,0,-4,2,1,-46,
40,50,-1,2,-2,-2,-1,3,0,-4,2,1,-46,
Repeat,Generation,X1,X2,X3,X4,X5,X6,X7,X8,X9,X10,F(x)
41,0,3,0,-4,5,-1,-3,-1,6,-4,1,-121.3125,
41,10,1,0,-4,5,-1,-2,-1,5,-5,2,-102,
41,20,-1,6,1,-5,5,-2,-1,1,-1,0,-95.3125,
41,30,-1,6,1,-1,-1,2,-1,1,-1,-1,-48.3125,
41,40,-1,3,1,-2,-2,-2,3,1,-1,0,-36,
41,50,-1,0,0,-2,2,-2,3,1,-1,-1,-25.3125,
Repeat,Generation,X1,X2,X3,X4,X5,X6,X7,X8,X9,X10,F(x)
42,0,-1,4,-2,4,-2,7,-2,3,-4,-2,-130.3125,
42,10,-2,-2,4,0,-3,-3,7,-1,-4,2,-114,
42,20,-2,0,4,-1,-3,-3,7,0,0,-2,-94,
42,30,5,4,4,1,0,-1,3,-1,-2,-2,-79,
42,40,-4,-2,3,0,-2,2,3,1,0,-3,-58,
42,50,-4,-2,3,0,-2,2,3,1,0,-3,-58,
Repeat,Generation,X1,X2,X3,X4,X5,X6,X7,X8,X9,X10,F(x)
43,0,3,-2,10,-4,2,-3,-2,-3,-3,5,-839,
43,10,3,6,0,1,4,0,-3,2,-3,-1,-92.3125,
43,20,0,-2,0,5,4,-3,0,-3,2,-1,-70,
43,30,0,-2,0,5,4,-3,0,-3,2,-1,-70,
43,40,0,6,1,-1,-1,0,0,-3,1,1,-50.3125,
43,50,0,-2,2,-1,-1,2,0,-3,1,1,-25,
Repeat,Generation,X1,X2,X3,X4,X5,X6,X7,X8,X9,X10,F(x)
44,0,-2,-4,2,-4,-4,-3,1,2,-2,4,-1917.3125,
44,10,3,4,7,0,-2,0,-3,-1,-2,2,-141.3125,
44,20,3,0,-1,6,-4,-1,-2,3,1,-2,-88.3125,
44,30,-1,0,-1,0,2,1,-5,-1,-2,5,-62.3125,
44,40,-1,0,-1,0,2,1,-5,-1,-2,5,-62.3125,
44,50,5,0,0,0,2,2,-3,-2,-2,3,-61,
Repeat,Generation,X1,X2,X3,X4,X5,X6,X7,X8,X9,X10,F(x)
45,0,-2,8,3,7,0,-3,2,-1,-4,1,-1984.3125,
45,10,2,1,0,-1,4,1,4,-5,2,-3,-79,
45,20,2,1,3,-1,3,1,3,-1,-3,-2,-68,
45,30,1,1,-2,0,3,1,4,-1,-1,-3,-43.3125,
45,40,0,1,-3,-1,0,2,3,-1,1,-2,-37.3125,
45,50,0,2,-2,-1,0,1,3,-1,1,-2,-27,
Repeat,Generation,X1,X2,X3,X4,X5,X6,X7,X8,X9,X10,F(x)
46,0,-4,-5,4,5,10,-4,-1,-1,-3,-1,-482,
46,10,1,-5,3,-2,1,-1,2,-2,-5,6,-130,
46,20,1,1,2,6,2,0,-4,1,1,-3,-75,
46,30,-1,5,-2,1,2,-3,2,-3,-1,2,-62,
46,40,-3,1,-2,-2,0,0,-4,1,2,2,-50.3125,
46,50,1,-1,-2,1,2,2,-2,-1,-1,1,-24,
Repeat,Generation,X1,X2,X3,X4,X5,X6,X7,X8,X9,X10,F(x)
47,0,4,8,-3,1,-3,-5,-4,7,5,-4,-237.3125,
47,10,5,0,-1,3,-3,2,-1,2,-1,-1,-55.3125,
47,20,5,0,-1,3,-3,2,-1,2,-1,-1,-55.3125,
47,30,5,0,-1,3,-3,2,-1,2,-1,-1,-55.3125,
47,40,5,0,-1,3,-3,2,-1,2,-1,-1,-55.3125,
47,50,3,0,-1,3,-3,2,-1,2,-1,-1,-39.3125,
Repeat,Generation,X1,X2,X3,X4,X5,X6,X7,X8,X9,X10,F(x)
48,0,1,-1,-1,-5,5,7,-5,-5,9,-5,-258.3125,
48,10,3,3,-1,0,0,-2,3,-3,-1,2,-48,
48,20,3,3,-1,0,0,-2,3,-3,-1,2,-48,
48,30,3,3,-1,0,0,-2,3,-3,-1,2,-48,
48,40,3,3,-1,0,0,-2,3,-3,-1,2,-48,
48,50,3,3,2,-2,-1,-2,3,1,-1,-1,-43,
Repeat,Generation,X1,X2,X3,X4,X5,X6,X7,X8,X9,X10,F(x)
49,0,-4,-1,-5,9,2,-1,-2,0,6,-5,-623.3125,
49,10,-4,-3,-3,2,4,-3,-2,0,6,-3,-112.3125,
49,20,0,-3,-1,1,3,-3,-2,0,1,1,-42.3125,
49,30,0,-3,-1,1,3,-3,-2,0,1,1,-42.3125,
49,40,0,-1,-1,0,0,3,2,0,-3,0,-24,
49,50,2,-1,-1,1,-2,-1,1,0,1,0,-14.3125,
Repeat,Generation,X1,X2,X3,X4,X5,X6,X7,X8,X9,X10,F(x)
50,0,1,-3,-4,2,-4,8,-3,-3,9,-5,-279.3125,
50,10,0,3,4,-2,5,-2,-3,-3,0,2,-82,
50,20,0,3,4,-2,5,-2,-3,-3,0,2,-82,
50,30,0,2,4,-4,3,2,-3,-3,2,0,-71,
50,40,-1,2,-2,0,-3,-2,3,3,-1,-1,-62,
50,50,-1,2,-2,0,-3,-2,3,3,-1,-1,-62,
Repeat,Generation,X1,X2,X3,X4,X5,X6,X7,X8,X9,X10,F(x)
51,0,1,-3,9,-2,-1,1,7,-5,0,-2,-195,
51,10,1,-2,5,-2,-1,1,-4,0,0,2,-63.3125,
51,20,1,-2,5,-2,0,1,-4,0,0,2,-57,
51,30,1,-2,5,-2,0,1,-4,0,0,2,-57,
51,40,1,-2,5,-2,0,1,-4,0,0,2,-57,
51,50,2,-1,5,-2,0,2,-4,0,1,0,-55,
Repeat,Generation,X1,X2,X3,X4,X5,X6,X7,X8,X9,X10,F(x)
52,0,-3,-3,-5,8,-4,-1,-3,-1,-5,10,-531,
52,10,-3,1,-2,3,-5,-3,7,-2,-3,3,-130,
52,20,-2,-3,-2,-1,0,-4,-1,5,1,0,-61,
52,30,-2,-3,-2,-1,0,-4,-1,5,1,0,-61,
52,40,-2,-3,-2,-1,0,-4,-1,5,1,0,-61,
52,50,-2,-3,-2,-1,0,-4,-1,5,1,0,-61,
Repeat,Generation,X1,X2,X3,X4,X5,X6,X7,X8,X9,X10,F(x)
53,0,0,5,7,8,5,-4,1,-1,-2,-4,-246.3125,
53,10,1,1,-1,5,-3,3,4,-3,0,-3,-87.3125,
53,20,2,2,2,-3,0,-1,0,1,2,-2,-31,
53,30,2,2,2,-3,0,-1,0,1,2,-2,-31,
53,40,1,2,0,1,0,-1,0,1,1,-2,-13,
53,50,1,2,0,1,0,-1,0,1,1,-2,-13,
Repeat,Generation,X1,X2,X3,X4,X5,X6,X7,X8,X9,X10,F(x)
54,0,0,-4,5,-3,-3,5,-5,2,1,0,-114,
54,10,-4,4,4,-3,-1,0,3,1,1,-4,-92.3125,
54,20,-4,4,4,-3,-1,0,3,1,1,-4,-92.3125,
54,30,-4,4,4,-3,-1,0,3,1,1,-4,-92.3125,
54,40,-2,4,-3,1,-5,1,4,2,-3,0,-85.3125,
54,50,0,6,0,-3,-1,1,-3,-1,1,2,-62.3125,
Repeat,Generation,X1,X2,X3,X4,X5,X6,X7,X8,X9,X10,F(x)
55,0,-4,-3,7,-3,2,5,-1,0,-5,0,-1965.3125,
55,10,1,7,4,1,-4,-3,1,1,-1,0,-95.3125,
55,20,1,0,6,-2,-4,-5,-1,2,1,2,-92.3125,
55,30,1,-3,3,2,-5,4,-1,-3,2,0,-80,
55,40,-1,6,-4,-2,-1,3,-1,-1,1,0,-72,
55,50,2,-3,0,5,-1,3,1,-1,-2,-1,-55,
Repeat,Generation,X1,X2,X3,X4,X5,X6,X7,X8,X9,X10,F(x)
56,0,3,0,4,1,10,-4,-2,-1,-1,-2,-242,
56,10,-2,-1,-4,3,1,-2,0,4,-2,0,-62.3125,
56,20,-2,-1,-4,3,1,-2,0,4,-2,0,-62.3125,
56,30,-2,-1,-4,3,1,-2,0,4,-2,0,-62.3125,
56,40,-3,-1,-4,3,1,-2,0,4,-2,0,-62,
56,50,1,-1,-5,1,1,1,0,2,-2,0,-45.3125,
Repeat,Generation,X1,X2,X3,X4,X5,X6,X7,X8,X9,X10,F(x)
57,0,-1,-2,5,-3,0,-5,-5,6,-3,4,-240,
57,10,-1,3,-4,-4,-1,2,7,1,-2,-2,-112.3125,
57,20,-1,3,-4,-4,-1,2,7,1,-2,-2,-112.3125,
57,30,-1,3,-4,-4,-1,6,-1,1,1,-2,-88,
57,40,0,3,0,0,-1,2,1,1,-3,0,-25.3125,
57,50,0,3,0,0,-1,2,1,1,-3,0,-25.3125,
Repeat,Generation,X1,X2,X3,X4,X5,X6,X7,X8,X9,X10,F(x)
58,0,2,-3,5,-3,9,-1,-1,-4,-5,4,-277,
58,10,0,7,3,2,1,2,-2,-3,-2,1,-87,
58,20,2,5,3,-1,-1,-1,0,-3,1,1,-52.3125,
58,30,-1,-3,3,0,-1,0,0,-3,2,1,-34.3125,
58,40,-1,-3,3,0,-1,0,0,-3,2,1,-34.3125,
58,50,-1,-3,3,0,-1,0,0,-3,2,1,-34.3125,
Repeat,Generation,X1,X2,X3,X4,X5,X6,X7,X8,X9,X10,F(x)
59,0,1,8,2,-2,-4,9,-3,3,-5,-3,-17844.3125,
59,10,3,-1,1,-4,3,5,0,-3,-1,0,-71,
59,20,3,-1,-5,-1,-2,5,0,1,-1,0,-67.3125,
59,30,3,-1,-5,-1,-2,5,0,1,-1,0,-67.3125,
59,40,4,-1,-3,-2,3,3,-1,-3,-1,2,-65,
59,50,-3,-1,-3,0,-2,3,2,1,-1,-1,-46.3125,
Repeat,Generation,X1,X2,X3,X4,X5,X6,X7,X8,X9,X10,F(x)
60,0,6,5,-2,7,-5,0,-4,-5,-2,7,-240.3125,
60,10,-1,0,9,-3,-3,-4,-1,-1,0,4,-134,
60,20,-3,1,3,-3,1,0,-1,-4,0,4,-64,
60,30,-1,-1,5,-3,-1,2,-1,-1,2,-1,-48,
60,40,0,-1,5,2,-1,2,-1,-1,0,-1,-45.3125,
60,50,2,-1,5,0,-1,2,-1,-1,0,-1,-45.3125,
Repeat,Generation,X1,X2,X3,X4,X5,X6,X7,X8,X9,X10,F(x)
61,0,-2,-1,10,8,4,8,-4,-5,-5,-1,-323.3125,
61,10,5,3,5,2,3,2,-2,-2,-5,1,-130,
61,20,-1,4,-2,7,1,3,-4,2,-2,-2,-110,
61,30,-1,5,0,3,0,0,-5,5,-1,-2,-97.3125,
61,40,-1,5,0,3,2,0,-1,5,-5,-2,-94.3125,
61,50,2,4,0,4,-1,0,-1,4,-2,-3,-69,
Repeat,Generation,X1,X2,X3,X4,X5,X6,X7,X8,X9,X10,F(x)
62,0,6,9,7,3,8,1,-3,-1,-5,-3,-284.3125,
62,10,-5,0,1,1,-1,1,3,2,-3,-1,-59.3125,
62,20,0,0,0,1,-2,1,3,2,-3,-1,-29,
62,30,-1,0,2,1,-2,1,3,0,-2,-1,-27,
62,40,-1,0,2,1,-2,1,3,0,-2,-1,-27,
62,50,-1,0,2,1,-2,1,3,0,-2,-1,-27,
Repeat,Generation,X1,X2,X3,X4,X5,X6,X7,X8,X9,X10,F(x)
63,0,1,-5,1,0,-1,0,4,-4,-3,4,-87,
63,10,1,-5,1,0,-1,0,4,-4,-3,4,-87,
63,20,0,4,1,-2,1,-1,5,0,-3,-1,-58,
63,30,-1,-3,-1,2,1,-1,3,0,-2,0,-30,
63,40,-1,-3,-1,2,1,-1,3,0,-2,0,-30,
63,50,-1,-3,-1,2,1,-1,3,0,-2,0,-30,
Repeat,Generation,X1,X2,X3,X4,X5,X6,X7,X8,X9,X10,F(x)
64,0,3,1,7,10,-2,-5,3,-4,-4,2,-233.3125,
64,10,-1,1,0,-5,3,3,-4,1,5,-4,-103.3125,
64,20,-5,1,0,-1,4,4,3,-3,-3,-1,-94.3125,
64,30,-3,1,-1,-1,-4,4,3,4,-4,-1,-93.3125,
64,40,-3,1,-1,-1,-4,4,3,4,-4,-1,-93.3125,
64,50,3,1,0,-1,-2,3,4,-3,-5,3,-85,
Repeat,Generation,X1,X2,X3,X4,X5,X6,X7,X8,X9,X10,F(x)
65,0,-3,9,-4,0,1,-1,-5,1,6,-4,-1131.3125,
65,10,0,-5,3,-3,6,-1,-1,-4,0,3,-108,
65,20,3,0,0,0,0,-1,-5,-3,7,0,-93.3125,
65,30,4,0,0,0,0,-1,-4,-3,7,-1,-92.3125,
65,40,4,0,0,0,0,-1,-4,-3,7,-1,-92.3125,
65,50,4,0,0,0,0,-1,-4,-3,7,-1,-92.3125,
Repeat,Generation,X1,X2,X3,X4,X5,X6,X7,X8,X9,X10,F(x)
66,0,-1,9,4,2,5,0,6,-2,-5,-5,-379.3125,
66,10,0,1,2,2,6,4,-3,1,-3,-3,-89,
66,20,-1,-3,2,1,-2,-1,1,-1,-1,2,-34.3125,
66,30,-1,-3,2,1,-2,-1,1,-1,-1,2,-34.3125,
66,40,-3,-3,2,1,2,-1,1,1,0,-2,-34,
66,50,-1,2,1,1,-3,0,2,-1,0,0,-21.3125,
Repeat,Generation,X1,X2,X3,X4,X5,X6,X7,X8,X9,X10,F(x)
67,0,5,3,2,2,-4,0,5,-4,0,-1,-102,
67,10,-2,-1,5,2,0,1,-3,2,-1,-1,-50.3125,
67,20,0,0,2,1,-2,-1,3,-3,1,0,-29,
67,30,-3,-1,2,0,0,-1,3,-2,0,0,-28,
67,40,-3,-1,2,0,0,-1,3,-2,0,0,-28,
67,50,3,0,-2,2,0,-1,1,-1,0,0,-22,
Repeat,Generation,X1,X2,X3,X4,X5,X6,X7,X8,X9,X10,F(x)
68,0,9,-2,9,6,6,-5,-5,0,0,-2,-292.3125,
68,10,5,-2,-3,-3,3,1,-1,2,2,-3,-77,
68,20,5,-2,-3,-3,3,1,-1,2,2,-3,-77,
68,30,5,-2,-3,-3,3,1,-1,2,2,-3,-77,
68,40,5,3,-3,0,-1,0,0,0,-2,2,-52.3125,
68,50,5,3,-3,0,-1,0,0,0,-2,2,-52.3125,
Repeat,Generation,X1,X2,X3,X4,X5,X6,X7,X8,X9,X10,F(x)
69,0,10,1,5,-3,2,-2,-1,2,3,-4,-603.3125,
69,10,2,-4,-2,-1,4,-2,1,-2,3,-1,-60,
69,20,2,-4,-2,-1,4,-2,1,-2,3,-1,-60,
69,30,-3,2,1,1,3,-2,1,-2,0,0,-35,
69,40,-3,2,1,1,3,-2,1,-2,0,0,-35,
69,50,-3,2,1,1,3,-2,1,-2,0,0,-35,
Repeat,Generation,X1,X2,X3,X4,X5,X6,X7,X8,X9,X10,F(x)
70,0,4,-5,-3,-5,-3,7,0,-2,3,1,-1974.3125,
70,10,3,-1,-1,7,-5,-1,3,-3,3,-2,-117.3125,
70,20,3,5,-2,1,-2,-3,3,3,0,-3,-81,
70,30,3,5,-2,1,-2,-3,3,3,0,-3,-81,
70,40,3,2,-4,3,-3,-3,3,-1,-1,2,-73,
70,50,3,2,-2,4,-1,-3,3,-1,-2,1,-58.3125,
Repeat,Generation,X1,X2,X3,X4,X5,X6,X7,X8,X9,X10,F(x)
71,0,-5,6,-4,6,-1,2,3,-1,2,-5,-319.3125,
71,10,-2,6,-4,1,-1,-1,2,-1,-1,1,-68,
71,20,4,3,2,2,0,-3,-1,-1,2,-1,-49.3125,
71,30,4,3,-1,1,0,0,2,-1,-1,-1,-36,
71,40,4,3,-1,1,0,0,2,-1,-1,-1,-36,
71,50,4,3,-1,1,0,-1,2,-1,0,-1,-34.3125,
Repeat,Generation,X1,X2,X3,X4,X5,X6,X7,X8,X9,X10,F(x)
72,0,0,4,1,-3,3,-2,-2,0,3,-1,-98.3125,
72,10,1,-1,-2,5,3,-2,-4,1,4,-3,-88,
72,20,1,-1,-2,5,3,-2,-4,1,4,-3,-88,
72,30,-3,4,1,0,3,-2,1,0,1,-3,-57.3125,
72,40,1,0,1,0,3,-2,1,0,-3,1,-33.3125,
72,50,0,2,1,0,3,-2,1,0,-3,1,-29,
Repeat,Generation,X1,X2,X3,X4,X5,X6,X7,X8,X9,X10,F(x)
73,0,5,0,-4,-4,10,4,2,5,-5,-5,-902,
73,10,5,-5,-2,1,-3,3,2,2,-3,0,-90.3125,
73,20,-3,-1,-3,0,-3,3,2,2,-2,0,-49.3125,
73,30,1,-1,-3,-1,1,3,-1,2,-2,0,-31,
73,40,1,-1,-3,-1,1,3,-1,2,-2,0,-31,
73,50,1,-1,-3,-1,1,3,1,0,-2,0,-29,
Repeat,Generation,X1,X2,X3,X4,X5,X6,X7,X8,X9,X10,F(x)
74,0,2,-2,9,0,0,0,-3,-2,-1,2,-107.3125,
74,10,7,2,-1,-3,3,-4,-1,0,1,1,-91.3125,
74,20,0,2,-1,-2,3,-4,1,0,-1,2,-42,
74,30,0,2,-1,-2,3,-4,1,0,-1,2,-42,
74,40,0,2,-1,-2,3,-4,1,0,-1,2,-42,
74,50,0,2,-1,-2,3,-4,1,0,-1,2,-42,
Repeat,Generation,X1,X2,X3,X4,X5,X6,X7,X8,X9,X10,F(x)
75,0,9,8,7,3,-4,9,-2,-5,0,-4,-347,
75,10,2,-2,-1,2,0,2,2,1,-4,0,-38.3125,
75,20,3,-2,-1,2,0,1,1,-3,0,1,-37.3125,
75,30,-1,0,-1,2,0,1,1,1,-4,1,-26.3125,
75,40,0,1,-1,2,-1,1,1,1,1,-3,-22,
75,50,0,-2,-1,2,-1,0,2,0,0,-1,-15,
Repeat,Generation,X1,X2,X3,X4,X5,X6,X7,X8,X9,X10,F(x)
76,0,0,0,2,-4,-1,2,-5,-3,7,0,-108.3125,
76,10,2,4,4,-3,4,-2,3,-2,-3,0,-107,
76,20,2,0,0,2,4,1,3,-5,-2,0,-63.3125,
76,30,-1,0,2,-1,-3,1,-2,0,2,0,-44,
76,40,-1,0,2,-1,-3,1,-2,0,2,0,-44,
76,50,-1,0,2,-1,-3,1,-2,0,2,0,-44,
Repeat,Generation,X1,X2,X3,X4,X5,X6,X7,X8,X9,X10,F(x)
77,0,3,0,-2,-4,0,9,1,-5,1,-1,-138.3125,
77,10,3,0,6,0,-1,1,-1,-4,2,0,-68.3125,
77,20,3,0,-2,0,-1,1,1,-3,2,0,-29.3125,
77,30,3,1,-2,0,-1,0,-1,2,0,0,-27.3125,
77,40,3,1,-2,0,-1,0,-1,2,0,0,-27.3125,
77,50,3,0,1,2,0,1,1,-2,-1,0,-23,
Repeat,Generation,X1,X2,X3,X4,X5,X6,X7,X8,X9,X10,F(x)
78,0,-3,0,-4,-1,-3,8,3,-3,1,-1,-769,
78,10,2,-3,3,-3,-4,-1,3,0,2,-1,-82,
78,20,2,1,-4,-2,3,-4,3,-2,2,0,-69,
78,30,1,-2,3,-2,-4,-1,5,-2,1,0,-65,
78,40,1,-2,-1,-1,-1,-1,3,0,1,-1,-20.3125,
78,50,1,-2,-1,-1,-1,-1,3,0,1,-1,-20.3125,
Repeat,Generation,X1,X2,X3,X4,X5,X6,X7,X8,X9,X10,F(x)
79,0,8,-1,9,7,-5,3,-5,2,3,-5,-1624,
79,10,-3,0,2,-5,0,1,-3,2,-1,3,-107.3125,
79,20,2,-3,3,-4,-1,2,3,-2,1,-1,-58,
79,30,-2,0,3,0,2,2,3,-2,-3,-1,-51.3125,
79,40,0,0,3,-2,-1,0,3,-2,1,-1,-29,
79,50,0,0,-2,2,-1,0,3,-2,1,-1,-24.3125,
Repeat,Generation,X1,X2,X3,X4,X5,X6,X7,X8,X9,X10,F(x)
80,0,4,6,2,-1,9,-3,-5,-3,5,-3,-215.3125,
80,10,2,-4,-2,-2,3,0,-4,-3,3,3,-80,
80,20,2,-4,-2,-2,3,0,-4,-3,3,3,-80,
80,30,2,-4,-2,-2,3,0,-4,-3,3,3,-80,
80,40,2,-5,-2,1,-1,0,2,-3,-2,4,-75.3125,
80,50,0,1,-3,-2,-1,0,-2,-3,0,6,-66,
Repeat,Generation,X1,X2,X3,X4,X5,X6,X7,X8,X9,X10,F(x)
81,0,-5,5,-4,-1,1,-1,3,-1,-3,3,-117,
81,10,0,3,4,-5,2,-3,1,-1,-4,5,-113.3125,
81,20,0,-3,-1,-1,0,-1,1,1,4,-3,-41,
81,30,0,-3,-1,-1,0,-1,1,1,4,-3,-41,
81,40,0,-3,0,-1,1,-1,1,1,3,-3,-32.3125,
81,50,0,-3,0,-1,1,-1,1,1,3,-3,-32.3125,
Repeat,Generation,X1,X2,X3,X4,X5,X6,X7,X8,X9,X10,F(x)
82,0,1,-2,8,-5,10,0,-3,-4,-5,6,-2107.3125,
82,10,-1,1,1,-1,5,-1,-3,2,-2,0,-67,
82,20,0,1,2,1,-2,-1,5,-2,-3,1,-52,
82,30,-1,2,-1,-1,1,1,2,-2,-2,1,-29.3125,
82,40,0,0,-3,1,2,1,2,-2,-2,1,-28.3125,
82,50,-1,2,0,-1,1,-1,0,1,-2,1,-16,
Repeat,Generation,X1,X2,X3,X4,X5,X6,X7,X8,X9,X10,F(x)
83,0,3,-5,1,2,8,1,4,-4,-4,-1,-153,
83,10,5,-1,-4,4,-1,-1,4,-2,0,-1,-83,
83,20,-3,-3,1,3,0,2,-1,1,-4,2,-61.3125,
83,30,1,-2,-1,3,4,0,0,-2,0,-1,-36,
83,40,1,-2,-1,3,4,0,0,-2,0,-1,-36,
83,50,1,-1,-3,3,-1,1,0,1,-1,0,-26,
Repeat,Generation,X1,X2,X3,X4,X5,X6,X7,X8,X9,X10,F(x)
84,0,6,-4,-5,3,-4,2,1,2,2,-3,-126,
84,10,0,1,5,4,-2,-2,1,-1,0,-1,-53,
84,20,0,1,5,4,-2,-2,1,-1,0,-1,-53,
84,30,2,2,3,3,0,-1,-3,-1,0,1,-40,
84,40,2,0,3,3,0,-1,-3,-1,0,1,-36,
84,50,0,3,3,3,0,-1,1,-1,-1,-1,-32.3125,
Repeat,Generation,X1,X2,X3,X4,X5,X6,X7,X8,X9,X10,F(x)
85,0,3,3,5,0,-2,0,-3,-3,-2,5,-94.3125,
85,10,3,3,5,0,-2,0,-3,-3,-2,5,-94.3125,
85,20,3,3,5,0,-2,0,-3,-3,-2,5,-94.3125,
85,30,5,1,-2,5,1,0,-3,0,3,-3,-85,
85,40,3,3,-3,-2,-4,0,5,-2,0,1,-77.3125,
85,50,-4,3,-3,-2,2,0,5,0,-1,-2,-72.3125,
Repeat,Generation,X1,X2,X3,X4,X5,X6,X7,X8,X9,X10,F(x)
86,0,-2,-3,-1,-1,9,6,2,0,-5,-3,-215.3125,
86,10,-1,-5,0,-2,2,6,0,-2,0,-1,-75.3125,
86,20,3,3,1,-3,0,3,2,-3,1,-2,-62.3125,
86,30,3,-2,1,-3,4,-1,-2,-1,2,0,-49,
86,40,3,-2,1,-3,4,-1,-2,-1,2,0,-49,
86,50,3,-2,1,-3,4,-1,-2,-1,2,0,-49,
Repeat,Generation,X1,X2,X3,X4,X5,X6,X7,X8,X9,X10,F(x)
87,0,3,-3,-3,-3,3,8,-5,8,-1,-5,-654.3125,
87,10,3,4,-2,-3,5,0,-1,-2,3,-2,-83,
87,20,-2,4,-4,2,5,2,1,-2,-1,-2,-79.3125,
87,30,-2,3,-4,0,5,1,1,1,-1,-3,-67.3125,
87,40,-2,3,-4,0,5,1,1,1,-1,-3,-67.3125,
87,50,-2,3,-4,0,5,1,1,1,-1,-3,-67.3125,
Repeat,Generation,X1,X2,X3,X4,X5,X6,X7,X8,X9,X10,F(x)
88,0,5,8,-4,1,-5,10,7,-4,-2,-5,-332.3125,
88,10,-1,-3,5,1,-3,1,-2,-1,-2,4,-78.3125,
88,20,-1,-3,5,1,-3,1,-2,-1,-2,4,-78.3125,
88,30,1,-1,0,-3,1,0,1,0,-3,3,-33,
88,40,1,-1,0,-3,1,0,1,0,-3,3,-33,
88,50,1,-1,0,-3,1,0,1,0,-3,3,-33,
Repeat,Generation,X1,X2,X3,X4,X5,X6,X7,X8,X9,X10,F(x)
89,0,-2,1,1,8,0,-3,-4,1,3,-2,-129,
89,10,-2,1,1,8,0,-3,-4,1,3,-2,-129,
89,20,6,0,-2,0,-3,-1,-2,0,6,-2,-94.3125,
89,30,1,-1,-2,0,2,4,-1,1,-2,-1,-33,
89,40,1,-1,-2,0,2,4,-1,1,-2,-1,-33,
89,50,1,-1,-2,0,2,4,-1,1,-2,-1,-33,
Repeat,Generation,X1,X2,X3,X4,X5,X6,X7,X8,X9,X10,F(x)
90,0,-4,2,2,-3,1,-5,0,8,-3,-1,-153,
90,10,2,4,1,1,4,2,2,0,-4,-3,-78.3125,
90,20,-1,0,-1,-2,3,-2,-1,-1,-4,6,-73,
90,30,0,-1,-1,-1,-3,-2,2,1,0,1,-42,
90,40,0,-1,-1,-1,-3,-2,2,1,0,1,-42,
90,50,-1,0,-1,0,-3,-2,2,1,0,1,-21.3125,
Repeat,Generation,X1,X2,X3,X4,X5,X6,X7,X8,X9,X10,F(x)
91,0,-1,-4,6,3,9,-1,-5,-4,-1,1,-277,
91,10,-5,3,0,1,-4,1,-4,6,1,-2,-109,
91,20,-3,1,0,5,-1,2,1,-3,-2,1,-55.3125,
91,30,1,2,-4,1,-2,1,1,-2,1,1,-41.3125,
91,40,-2,-2,-4,1,0,1,0,1,2,-2,-37,
91,50,1,2,-4,2,0,1,-1,-1,1,0,-29.3125,
Repeat,Generation,X1,X2,X3,X4,X5,X6,X7,X8,X9,X10,F(x)
92,0,-5,-5,5,-3,7,6,-3,-2,-1,-2,-349.3125,
92,10,-2,1,-1,5,-4,5,3,-1,-1,-3,-92.3125,
92,20,2,-4,1,-3,0,5,-1,0,1,-2,-68.3125,
92,30,-2,-1,-3,-3,0,5,-1,2,1,-2,-65.3125,
92,40,-2,-1,1,-3,0,3,-1,2,1,-2,-41.3125,
92,50,2,0,-1,-3,0,3,-1,2,1,-2,-40.3125,
Repeat,Generation,X1,X2,X3,X4,X5,X6,X7,X8,X9,X10,F(x)
93,0,10,-3,-4,-1,6,1,-4,-3,2,1,-193,
93,10,-1,-1,-4,6,-5,-1,-1,1,1,1,-86,
93,20,1,0,0,-3,-3,2,3,-2,2,-1,-41.3125,
93,30,-1,-1,-2,2,-2,2,-2,1,2,-1,-35.3125,
93,40,-1,-1,-2,1,-3,2,-2,2,2,-1,-35,
93,50,0,0,2,1,-3,2,1,1,-1,-1,-29.3125,
Repeat,Generation,X1,X2,X3,X4,X5,X6,X7,X8,X9,X10,F(x)
94,0,4,-3,1,-4,3,-1,0,-4,4,1,-357,
94,10,0,1,0,3,-3,2,-1,-2,5,-3,-69.3125,
94,20,-2,1,2,-5,1,-2,0,1,0,1,-48.3125,
94,30,-2,1,2,-5,1,-2,0,1,0,1,-48.3125,
94,40,-2,1,2,-5,1,-2,0,1,0,1,-48.3125,
94,50,-2,1,2,-5,1,-2,0,1,0,1,-48.3125,
Repeat,Generation,X1,X2,X3,X4,X5,X6,X7,X8,X9,X10,F(x)
95,0,2,-4,6,-1,-3,2,1,-3,2,0,-174,
95,10,2,2,-1,-5,-3,2,-3,-2,1,5,-88,
95,20,-1,2,-5,3,-2,1,1,0,1,-1,-49,
95,30,-2,2,-1,2,-2,-1,1,0,0,0,-21,
95,40,-2,2,-1,2,-2,-1,1,0,0,0,-21,
95,50,-2,2,-1,2,-2,-1,1,0,0,0,-21,
Repeat,Generation,X1,X2,X3,X4,X5,X6,X7,X8,X9,X10,F(x)
96,0,2,4,-4,-5,-2,2,0,-4,9,-4,-1127.3125,
96,10,-1,-2,3,6,-2,3,-4,3,0,-3,-99,
96,20,7,-4,-2,-3,-2,1,-1,0,1,2,-89.3125,
96,30,0,-2,0,1,5,2,-4,0,1,-2,-57,
96,40,0,2,-1,1,-3,-3,3,0,0,1,-41.3125,
96,50,0,2,-1,1,-3,-3,3,0,0,1,-41.3125,
Repeat,Generation,X1,X2,X3,X4,X5,X6,X7,X8,X9,X10,F(x)
97,0,5,-5,-5,-2,-5,6,-3,5,3,1,-145154.3125,
97,10,-2,-3,-1,3,1,2,3,-5,0,0,-62.3125,
97,20,-2,-3,-1,3,1,2,3,-5,0,0,-62.3125,
97,30,-2,-3,-1,3,1,2,3,-5,0,0,-62.3125,
97,40,-2,0,1,-2,1,2,3,-5,1,0,-49,
97,50,-2,0,1,-2,1,2,3,-5,1,0,-49,
Repeat,Generation,X1,X2,X3,X4,X5,X6,X7,X8,X9,X10,F(x)
98,0,7,-4,10,-2,-2,0,-1,-3,0,2,-187,
98,10,-1,1,-5,-1,3,3,1,0,2,-4,-67,
98,20,-1,1,0,3,3,-1,-3,0,2,-2,-38.3125,
98,30,-1,1,0,3,3,-1,-3,0,2,-2,-38.3125,
98,40,-1,1,0,3,3,-1,-3,0,2,-2,-38.3125,
98,50,-1,1,0,3,3,-1,-3,0,2,-2,-38.3125,
Repeat,Generation,X1,X2,X3,X4,X5,X6,X7,X8,X9,X10,F(x)
99,0,0,10,8,6,-2,-2,-3,2,-4,0,-282.3125,
99,10,2,6,1,-2,4,-2,-2,-3,2,0,-89.3125,
99,20,-4,-2,3,2,-2,-2,-4,3,2,0,-70.3125,
99,30,-2,-2,3,-1,-3,-3,3,0,-1,2,-52,
99,40,-2,-2,3,-1,-3,-3,3,0,-1,2,-52,
99,50,-2,-2,3,-1,-3,-3,3,0,-1,2,-52,
